,Lodging,stress minus equation,original stress equation,stress minus equation with standard thickness,Height,main stem DIAm 3,tiller Diam 3,tiller compressed 3,till.comp.flex,Flex after crushing,Root 
Delta-avg,19.71705228,3.605398063,4.224435599,3.682700267,45.42857143,2.438125,2.590714286,0.898571429,1.208666667,0.310095238,1.844117647
RER-avg,36.5891137,5.899331239,6.337419126,5.924252473,61.78571429,1.896615385,2.150566038,0.869245283,1.093018868,0.223773585,2.050597015
1,31.9921811,2.958270421,3.345268223,3.20278497,69.61111111,2.2925,2.74,1.014444444,1.456666667,0.442222222,2.299166667
2,27.80952381,6.863226231,8.197354865,6.281357412,39,2.02,2.102857143,0.702857143,0.84,0.137142857,1.9925
3,35.07337526,3.260021576,3.558840237,3.546603109,37.61111111,2.73625,2.63,1.035,1.415,0.38,1.864
4,29.93146284,4.341189465,5.085172607,4.305596037,32.83333333,2.684545455,2.435,0.845,0.96,0.115,1.903636364
5,,,,,,,,,,,
6,26.19191097,6.312677026,7.186068215,6.059595977,34.66666667,2.141,2.132,0.78,0.93,0.15,1.659090909
7,20.54136693,6.101874728,6.894025946,5.913983991,43,2.048333333,2.152,0.798,0.948,0.15,1.550833333
8,57.6624464,4.600043888,5.069711223,4.713209584,66.66666667,2.222222222,2.35,0.91,1.12,0.21,1.911818182
9,31.46183319,4.451480792,5.008720985,4.524253017,33.66666667,2.36,2.388,0.892,1.106,0.214,1.90875
10,50.62627423,9.200143044,10.85774856,8.213953318,70,1.848,1.9,0.65,0.793333333,0.143333333,1.621818182
11,14.44745967,3.353141146,3.668124134,3.626521749,32.16666667,2.535454545,2.606666667,1.022222222,1.373333333,0.351111111,2.453636364
12,49.01420817,5.152138391,6.334258654,4.782268909,74.83333333,2.038333333,2.336666667,0.736666667,0.866666667,0.13,1.704166667
13,43.29448329,8.436783069,9.499772927,7.87756266,32.66666667,2.778333333,1.93,0.72,0.92,0.2,2.008333333
14,68.76655226,2.796314145,2.848746462,3.23195694,82,2.1875,2.73,1.2,1.79,0.59,2.016666667
15,26.20257725,4.29372065,4.412355869,4.612341124,33.83333333,2.488888889,2.37,1.028,1.316,0.288,1.936
16,36.02550033,8.097960702,9.0237219,7.649441381,60.16666667,1.835,1.951428571,0.741428571,0.868571429,0.127142857,1.767
17,40.78707259,4.521609786,5.371159957,4.408282983,39.33333333,2.603,2.4125,0.815,1.0225,0.2075,2.027
18,7.018245991,3.996674509,4.197381608,4.295420105,40.33333333,2.106666667,2.437272727,1.021818182,1.300909091,0.279090909,2.183333333
19,58.13668242,9.966269337,10.60276281,9.471253876,65.66666667,1.79625,1.802,0.74,0.878,0.138,1.95125
20,,,,,,,,,,,
21,10.25641026,,,,39,2.233333333,,,,,1.965
22,17.83397562,7.361117895,7.896882709,7.19528664,35.83333333,1.779090909,1.997,0.809,0.952,0.143,2.07
23,,,,,,,,,,,
24,38.87554687,3.784016385,3.680216144,4.239084545,65.38888889,2.187,2.45,1.153333333,1.521666667,0.368333333,2.0375
25,43.42575658,4.047043018,4.58907378,4.152733372,83.55555556,1.766,2.47,0.91,1.206666667,0.296666667,1.893333333
26,55.13972358,10.17852424,10.96942346,9.581871259,68,1.978888889,1.794285714,0.721428571,0.81,0.088571429,1.990909091
27,35.62286964,2.883353813,3.168260422,3.191225146,36.16666667,2.488,2.744,1.068,1.536,0.468,2.611
28,33.59558849,2.75365878,3.019124654,3.076213751,73.5,2.218888889,2.785,1.088,1.489,0.401,2.285454545
29,26.61290323,,,,31,2.46,,,,,1.705
30,11.19342234,3.695911025,4.442165103,3.685245717,39.25,2.05,2.59,0.855,1.105,0.25,1.545714286
31,57.11184875,8.168082082,9.636485637,7.392922148,69.16666667,2.088,1.976666667,0.676666667,0.818888889,0.142222222,2.072222222
32,48.22786795,,,,72.22222222,2.244,,,,,1.738181818
33,26.7137923,8.243917942,9.189372578,7.769888831,39,2.164545455,1.94,0.736666667,0.863333333,0.126666667,1.776083333
34,44.99356626,3.983381585,4.439878931,4.143299203,69.83333333,2.276363636,2.472222222,0.938888889,1.252222222,0.313333333,2.143636364
35,28.57750437,6.31316819,6.743880729,6.30373594,34,2.191428571,2.1,0.856666667,1.036666667,0.18,1.775714286
36,28.98505207,4.433436454,5.331346231,4.292171291,34,2.623333333,2.438,0.804,1.032,0.228,2.248
37,40.5085111,4.582405845,4.894654415,4.782268909,38.33333333,2.738571429,2.336666667,0.953333333,1.146666667,0.193333333,2.14125
38,30.64908694,4.272858098,4.67977732,4.443314506,73.83333333,1.838,2.405,0.94125,1.325714286,0.384464286,2.007272727
39,44.55883678,10.59671724,11.69627664,9.791726178,65.16666667,1.81,1.78,0.6875,0.78375,0.09625,1.669166667
40,23.58200707,10.71365586,13.4016206,8.919865106,31.83333333,2.275555556,1.8425,0.56,0.6425,0.0825,1.77625
41,6.343861899,2.620459011,2.951180165,2.906069775,40.33333333,2.22,2.85,1.062857143,1.345714286,0.282857143,2.012857143
42,33.63090363,8.719317806,10.55157745,7.664347774,30.83333333,2.035,1.95,0.635,0.74,0.105,1.598
43,41.95439045,6.847783649,7.509249867,6.666065536,70,2.183,2.055714286,0.802857143,1.018333333,0.21547619,1.935833333
44,18.21664009,10.01961022,11.63842786,8.97879266,39.83333333,1.908,1.838,0.648,0.736,0.088,1.639090909
45,8.408679928,3.394763751,4.023528152,3.471978417,39,2.642857143,2.6525,0.9,1.145,0.245,2.3675
46,20.92608541,2.430493757,2.792426615,2.697080116,69,2.106,2.938,1.057,1.429,0.372,2.504444444
47,13.45473251,4.774262204,5.314668627,4.835044869,38,2.029,2.326666667,0.885555556,1.101111111,0.215555556,1.933
48,33.63979443,3.023389515,3.713340791,3.062608983,73.66666667,2.21,2.79,0.881428571,1.262857143,0.381428571,2.232727273
49,52.50863369,14.04193123,17.99146035,11.09968797,41.66666667,2.16,1.7,0.49,0.525,0.035,1.77
50,37.72822565,8.612488758,9.070477315,8.354387476,29.94444444,2.345714286,1.888,0.788,0.944,0.156,2.06
51,43.13182915,3.998982993,4.427682925,4.174076384,75.66666667,1.95125,2.465,0.947,1.247,0.3,2.269090909
52,29.34612651,11.15020672,13.98475536,9.220249554,34.16666667,2.47375,1.82,0.55,0.6275,0.0775,1.838571429
53,30.5316092,5.108640953,5.544013457,5.202401168,30,2.71,2.26125,0.89875,1.095,0.19625,2.125454545
54,52.16640014,11.28853278,12.66891056,10.25467125,72.33333333,1.9325,1.75,0.656666667,0.756666667,0.1,1.643583333
55,58.8652892,6.511789412,6.565554898,6.663631254,63.16666667,2.17,2.056,0.918,1.116,0.198,1.868
56,51.57963963,7.045028142,8.085919999,6.629687413,64.16666667,2.261111111,2.06,0.7425,0.8725,0.13,1.887
57,53.51298247,7.988138491,8.63796667,7.699294556,62.72222222,1.871,1.946666667,0.778333333,0.948333333,0.17,1.801818182
58,57.66598754,10.3451155,12.27061895,9.084958565,69.5,2.052727273,1.83,0.62,0.66,0.04,1.83
59,29.45435366,5.549946831,6.347599788,5.40294016,41.83333333,2.399166667,2.228333333,0.808333333,1.051666667,0.243333333,2.109166667
60,2.626273571,3.51951944,4.075957586,3.640276585,42.55555556,2.399,2.602727273,0.922727273,1.23,0.307272727,1.9075
61,8.047518734,4.29519077,4.477204527,4.582699976,39.33333333,2.202727273,2.376,1.008,1.303,0.295,1.943636364
62,49.36129941,4.71593024,4.515631969,5.14121501,68,2.11625,2.271666667,1.093333333,1.453333333,0.36,2.03625
63,11.99226699,6.115387674,7.352486873,5.651108664,40.5,2.003333333,2.19,0.7225,0.895,0.1725,1.685
64,30.20389076,6.088614185,7.388054808,5.584781132,41.5,2.103333333,2.2,0.7125,0.81,0.0975,1.681111111
65,19.18786693,5.273231421,5.751403895,5.330583986,71.5,1.63125,2.24,0.882857143,1.107142857,0.224285714,1.86875
66,19.00886382,5.347772881,5.985327568,5.310172159,34.33333333,2.239090909,2.243333333,0.845833333,1.045,0.199166667,2.274545455
67,51.0708729,7.298450676,8.156155477,6.965728552,74.55555556,1.822727273,2.021666667,0.764285714,0.898571429,0.134285714,1.665454545
68,30.74688406,4.336787056,4.807840241,4.46689712,78.33333333,1.984166667,2.4,0.92,1.2,0.28,2.099166667
69,55.70767692,3.130541427,3.494819165,3.383880759,44.75,2.18,2.68,1.015,1.1925,0.1775,1.925
70,22.47167726,5.708790137,6.616960146,5.482838104,41.16666667,2.166,2.215714286,0.784285714,0.96,0.175714286,1.985555556
71,52.50004876,5.096190683,6.068617518,4.870706177,76.5,1.867777778,2.32,0.78,0.96,0.18,1.639
72,53.88083499,6.343882954,7.84781115,5.684706633,74.83333333,1.998571429,2.185,0.68,0.75,0.07,1.727142857
73,41.4299638,6.076474103,6.945655372,5.845437843,33.66666667,2.426666667,2.161666667,0.785,0.993333333,0.208333333,2.052727273
74,15.36424667,5.397594147,5.743831583,5.514207751,39.16666667,2.045833333,2.210833333,0.9075,1.104166667,0.196666667,2.2325
75,22.12095921,4.045907739,3.803843638,4.538761415,63.33333333,2.170909091,2.385,1.1775,1.465,0.2875,2.760909091
76,42.13164049,3.213229194,3.25591134,3.635824302,38,2.442,2.604,1.154,1.47,0.316,2.08
77,30.75535853,4.369718758,4.308289402,4.76486518,37.5,2.43,2.34,1.08,1.42,0.34,1.912727273
78,40.96405229,2.972648933,3.014925237,3.40644284,72.66666667,2.286666667,2.672857143,1.182857143,1.538571429,0.355714286,2.393
79,3.947368421,4.213286808,5.098818688,4.089661061,35.5,2.114166667,2.485,0.809166667,1.000833333,0.191666667,2.140833333
80,50.78358606,4.173356357,4.401985051,4.445925729,87,1.764444444,2.404444444,1.001111111,1.457777778,0.456666667,1.973636364
81,24.65309201,6.409799521,6.907858503,6.356408683,39.33333333,2.17,2.093333333,0.841666667,1.005,0.163333333,1.696666667
82,28.98793871,5.487279294,6.270414669,5.353685329,74.66666667,1.739166667,2.23625,0.8125,0.97375,0.16125,2.0025
83,10.9079517,3.524781337,3.634726209,3.89811244,38.16666667,2.3025,2.532727273,1.092727273,1.447272727,0.354545455,2.592727273
84,29.37646002,4.39963252,4.841353334,4.542225892,76.88888889,1.970833333,2.384285714,0.925714286,1.175714286,0.25,1.861666667
85,17.05874572,8.663768268,10.4976742,7.612359914,34.33333333,2.653,1.955,0.635,0.76,0.125,1.802
86,22.50330688,3.500673492,3.895725678,3.721156479,32.5,2.181666667,2.58,0.9825,1.3325,0.35,2.043333333
87,20.68923503,3.465255263,4.188027559,3.476517386,42.33333333,2.56,2.651111111,0.865555556,1.131111111,0.265555556,2.260909091
88,13.30905269,3.161868185,3.224990626,3.577117741,42.66666667,2.508888889,2.621,1.15,1.525,0.375,2.562
89,55.25614969,3.7241005,4.295530056,3.827325946,70.66666667,2.299,2.55125,0.91125,1.20875,0.2975,2.239
90,38.18341033,4.443274875,4.532096644,4.76486518,37.66666667,2.426,2.34,1.026666667,1.293333333,0.266666667,1.699090909
91,53.66260003,9.104308827,10.9121974,8.031996684,65.5,2.117777778,1.916,0.636,0.746,0.11,1.795
92,35.12709513,4.164788966,4.382925773,4.443314506,71.33333333,1.866363636,2.405,1.005,1.325,0.32,2.1725
93,41.61324786,4.149379637,4.939686976,4.092632374,75,1.95,2.484285714,0.835714286,1.104285714,0.268571429,1.90375
94,7.668128655,4.435900935,4.962211792,4.527763927,36.16666667,1.93,2.387272727,0.900909091,1.071818182,0.170909091,1.8275
95,47.97619048,5.301214806,5.317160657,5.584781132,71.16666667,1.956363636,2.2,0.99,1.361,0.371,2.43
96,56.16216543,4.953541393,5.106336098,5.203882759,76.77777778,2,2.261,0.976,1.292,0.316,2.364
97,10.48731734,3.71837175,3.830237429,4.079286479,48.33333333,2.244,2.4875,1.075,1.36625,0.29125,2.656
98,12.59615385,5.351070075,5.895332945,5.365844754,39.5,1.798333333,2.234285714,0.865714286,1.038571429,0.172857143,1.897142857
99,36.69719899,4.572177843,5.008514436,4.705897544,76.83333333,1.785,2.351428571,0.92,1.182857143,0.262857143,1.980833333
100,56.82531105,6.577570982,7.235410927,6.423160567,67.83333333,1.99375,2.085,0.81,1.0125,0.2025,1.784
101,7.525351361,4.320639077,4.910495343,4.382014135,39.66666667,2.069166667,2.418181818,0.887272727,1.091818182,0.204545455,1.8425
102,,,,,,,,,,,
103,36.10219893,4.99968558,5.830765768,4.870706177,75.83333333,1.745454545,2.32,0.811818182,1.041818182,0.23,2.030909091
104,40.84046146,4.842660937,5.311686951,4.938621867,67.33333333,1.891666667,2.3075,0.900833333,1.211666667,0.310833333,2.235833333
105,25.95863527,5.05068532,5.251443634,5.269691463,34.16666667,2.78875,2.25,0.958333333,1.261666667,0.303333333,2.117777778
106,41.44615864,4.240308388,4.530259989,4.476381805,82.66666667,1.85125,2.398,0.978,1.312,0.334,2.182555556
107,22.89437106,9.752160586,12.38325809,8.071294314,35,2.046666667,1.9125,0.5625,0.636666667,0.074166667,1.59
108,62.89437969,5.250655088,6.44016553,4.870706177,58.66666667,2.18,2.32,0.735,0.98,0.245,1.931111111
109,16.16373822,3.540059521,4.010097781,3.713933114,38.83333333,2.4,2.582,0.953,1.168,0.215,2.188
110,36.86635945,3.873992073,4.280459691,4.068950661,67.75,1.814285714,2.49,0.96,1.402857143,0.442857143,2.235714286
111,17.97405672,3.702329024,4.20820283,3.84719545,38,2.45375,2.546,0.934,1.164,0.23,2.24
112,19.87654321,6.370818309,7.901478722,5.691461385,41.5,2,2.184,0.676,0.814,0.138,2.194
113,5.000784683,4.693853014,5.235335833,4.759662232,40.83333333,1.997,2.341,0.888,1.083,0.195,2.005454545
114,10.52573319,5.039058386,5.417965118,5.168494934,38.66666667,2.101818182,2.267,0.915,1.171,0.256,2.245454545
115,66.34385869,,,,60.5,2.075,,,,,1.78375
116,16.85015203,3.472087505,3.738728356,3.766776026,42.16666667,2.669,2.5675,1.03375,1.3325,0.29875,2.308
117,38.51004851,5.951714712,6.51223153,5.906838513,68,1.863,2.153,0.844,1.049,0.205,1.995454545
118,29.44635759,6.034861653,6.444696918,6.062067182,33.94444444,2.454444444,2.131666667,0.87,1.096666667,0.226666667,2.141111111
119,10.80975063,4.256731449,4.222250354,4.648649662,39.83333333,2.330909091,2.362727273,1.080909091,1.331818182,0.250909091,2.370909091
120,,,,,,,,,,,
121,24.62692311,6.074912979,7.470631514,5.506685724,33.16666667,2.134166667,2.212,0.697,0.868,0.171,1.953636364
122,41.75186447,4.327698608,5.186802808,4.217250341,77.66666667,2.005454545,2.455,0.815,1.08,0.265,1.626363636
123,9.3331014,4.102123725,4.967394924,3.99655296,40.33333333,2.3,2.507777778,0.815555556,0.981111111,0.165555556,1.798333333
124,14.44703807,4.031249718,4.185973776,4.350794829,32,2.178181818,2.425,1.035,1.2675,0.2325,2.238181818
125,49.38596491,3.760957933,3.961172422,4.074852107,78.16666667,1.870909091,2.488571429,1.038571429,1.367142857,0.328571429,1.89
126,4.624542125,3.764733957,4.125627459,3.991645583,47.66666667,2.1375,2.509,0.981,1.229,0.248,2.0475
127,46.16608508,3.214536837,3.345814327,3.593379276,84.5,1.902727273,2.61625,1.1125,1.5525,0.44,1.8375
128,40.78381878,5.795554257,6.208039103,5.843094999,75.5,2.001818182,2.162,0.878,1.106,0.228,1.976666667
129,57.07105696,,,,80,2.158,,,,,1.588181818
130,49.11622276,5.442655017,5.837246693,5.530377251,64.5,1.81375,2.208333333,0.895,1.168333333,0.273333333,1.885
131,32.01468614,5.626008525,6.725114373,5.284818432,42.83333333,2.224545455,2.2475,0.75,0.8975,0.1475,1.870909091
132,18.3935644,4.528576458,4.822884364,4.741804811,58.55555556,1.811,2.344444444,0.961111111,1.26,0.298888889,1.863333333
133,41.86869599,7.656118261,8.687592143,7.190524378,71.16666667,1.781428571,1.9975,0.735,0.8675,0.1325,1.522857143
134,37.9579716,5.382021257,5.865872644,5.427379556,62.83333333,1.774,2.224444444,0.877777778,1.10125,0.223472222,2.059
135,18.58222849,3.84469692,4.137678875,4.104549514,44,2.44,2.481428571,1,1.3,0.3,2.052222222
136,,,,,,,,,,,
137,45.42577585,8.976039074,9.291617589,8.74641811,54.16666667,2.035,1.856,0.796,0.904,0.108,1.86625
138,49.44870368,5.151878327,5.563953977,5.254628016,70.22222222,1.975090909,2.2525,0.9025,1.0625,0.16,1.709090909
139,22.12544271,4.02501273,4.621474718,4.098584557,33.33333333,2.223,2.482857143,0.894285714,1.167142857,0.272857143,2.476
140,32.91918292,5.05463832,5.039006723,5.373825624,70.83333333,1.745454545,2.233,1.014,1.31,0.296,2.102727273
141,,,,,,,,,,,
142,22.07439812,5.028597961,4.950936355,5.376934004,30.83333333,2.525,2.2325,1.0325,1.2725,0.24,2.261666667
143,23.67963168,4.010923697,4.444262542,4.182658888,84.16666667,1.966,2.463,0.945,1.258,0.313,2.136666667
144,36.11452161,3.820006933,4.407898101,3.908697926,65.16666667,2.099166667,2.53,0.903,1.224,0.321,2.2225
145,9.136477558,3.564359117,4.017213491,3.747598861,38.33333333,2.71,2.572727273,0.958181818,1.234545455,0.276363636,2.707272727
146,32.36882077,6.899115742,7.784699319,6.587612218,39.33333333,2.247272727,2.065,0.7675,0.9175,0.15,2.132727273
147,55.62969107,4.675473422,4.761781344,4.980041733,70.5,2.02,2.3,1.011428571,1.218571429,0.207142857,2.325454545
148,27.62522565,8.407929274,9.254210785,7.971594679,42.5,2.013636364,1.921428571,0.745714286,0.855714286,0.11,1.751818182
149,20.32323946,3.723747225,4.065405504,3.963710194,37.16666667,2.317142857,2.516,0.99,1.246,0.256,1.7925
150,40.04446539,9.029881379,8.780089846,9.040502239,59,1.695714286,1.833333333,0.863333333,1.026666667,0.163333333,1.722857143
151,45.92273385,4.695623481,5.184910825,4.791005865,64.33333333,2.192727273,2.335,0.90125,1.15,0.24875,1.825833333
152,30.61550759,4.462937921,5.174672465,4.44117973,67.83333333,2.0375,2.405454545,0.850909091,1.197272727,0.346363636,2.006363636
153,35.40002411,3.532123508,3.997569949,3.709129033,69.66666667,1.79,2.583333333,0.955,1.245,0.29,1.94875
154,23.22916667,8.220656878,8.834718208,7.926116957,30.66666667,2.037,1.925555556,0.777777778,0.93,0.152222222,1.777
155,15.2509368,5.525812047,6.471254092,5.289874931,41.5,2.113636364,2.246666667,0.78,1.016666667,0.236666667,1.623636364
156,73.02637,5.829044047,6.805380716,5.552045063,66.66666667,2.17,2.205,0.77,1.08,0.31,1.680909091
157,55.61758926,3.800412719,4.023462835,4.100074598,67,2.166363636,2.4825,1.0275,1.4275,0.4,2.011666667
158,56.24080882,7.965724873,10.28047192,6.629687413,61.77777778,1.848,2.06,0.584,0.676,0.092,1.600909091
159,54.6906297,5.391731274,5.898408852,5.423878288,76,1.919,2.225,0.8725,1.06,0.1875,1.871818182
160,7.256406579,3.757081503,4.479571664,3.760645867,41.16666667,2.4425,2.569166667,0.861666667,1.18,0.318333333,2.381818182
161,24.05634479,5.122773083,5.203731038,5.39251558,72.72222222,1.876,2.23,0.984545455,1.248181818,0.263636364,2.08
162,9.5912532,2.548609922,2.824316699,2.868786929,38.83333333,2.782727273,2.865,1.099,1.571,0.472,2.371666667
163,50.73298355,,,,71.5,2.038333333,,,,,1.905
164,41.2440218,3.357579524,3.297820085,3.81948318,36.5,2.623,2.553333333,1.185,1.495,0.31,2.522
165,29.73595605,4.660543306,4.888422543,4.897706625,56.16666667,1.894,2.315,0.9725,1.14,0.1675,2.072
166,34.60421375,4.178503964,4.773989223,4.244569128,73.16666667,1.961111111,2.44875,0.89,1.13875,0.24875,1.939090909
167,11.09400824,4.270366726,4.978847765,4.261085772,40.33333333,2.266666667,2.445,0.856,1.014,0.158,2.080833333
168,33.90919216,3.307919759,3.647433154,3.569169408,62.05555556,2.024285714,2.623333333,1.015,1.371666667,0.356666667,2.118571429
169,30.00721501,4.805053654,4.883821122,5.102609322,73.83333333,1.742857143,2.278333333,1.005,1.33,0.325,2.005714286
170,30.91803739,6.302370536,7.134237668,6.074445384,77.33333333,1.804166667,2.13,0.787142857,1.041428571,0.254285714,1.856666667
171,56.53463036,9.244361653,10.54203457,8.470071694,66.33333333,1.799,1.878333333,0.685,0.808333333,0.123333333,1.784444444
172,29.77310165,5.239579544,5.987866676,5.145099169,75.5,1.886666667,2.271,0.825,1.048,0.223,1.81
173,26.13919132,5.545641986,6.392641307,5.369168,49.05555556,2.037777778,2.23375,0.79875,1.00375,0.205,2.243
174,59.60635176,4.787957505,5.923946012,4.46689712,68.33333333,2.532,2.4,0.746666667,0.95,0.203333333,2.043
175,47.51993436,6.255561008,6.222119478,6.471117361,75.33333333,1.769166667,2.079090909,0.947272727,1.215454545,0.268181818,2.051666667
176,29.40784675,5.193536812,5.13430996,5.519589865,33,2.469090909,2.21,1.016,1.3,0.284,1.888181818
177,34.75716347,4.485063832,4.978666792,4.592549121,71.5,1.777777778,2.374,0.908,1.217,0.309,1.952727273
178,,,,,,,,,,,
179,52.23258071,4.358703636,4.549414628,4.637258183,82.22222222,2.027,2.365,1.00125,1.19875,0.1975,1.933636364
180,52.84934474,6.773803407,7.856911136,6.356408683,79.66666667,1.907272727,2.093333333,0.74,0.888333333,0.148333333,1.702727273
181,24.50254818,4.052578029,4.671932886,4.110527281,39,2.447272727,2.48,0.886666667,1.136666667,0.25,2.011
182,32.24250829,4.028619583,3.961932817,4.45115496,72.83333333,2.29125,2.403333333,1.113333333,1.533333333,0.42,2.205555556
183,30.56528533,3.935353954,4.519152608,4.021223839,67.5,1.963636364,2.501666667,0.900833333,1.128333333,0.2275,2.1125
184,,,,,,,,,,,
185,,,,,,,,,,,
186,14.819231,6.354720222,7.15587763,6.140042574,37.16666667,1.96,2.12125,0.79125,0.9375,0.14625,1.699166667
187,63.38889995,13.72493349,16.26609916,11.75239475,56.66666667,1.817272727,1.665,0.565,0.595,0.03,1.593636364
188,52.95613477,4.921893828,5.423245845,4.993961902,66,1.69,2.2975,0.89,1.0375,0.1475,1.743333333
189,39.26323676,4.575693615,5.221761159,4.587620658,65.83333333,1.961818182,2.375,0.865,1.12,0.255,1.895454545
190,37.0059275,3.659460565,4.025021283,3.889323483,72.66666667,2.213333333,2.535,0.985,1.33875,0.35375,2.095833333
191,40.49173479,5.903257617,5.416487931,6.329992088,79.55555556,1.789166667,2.096666667,1.07,1.365,0.295,1.795833333
192,29.24747475,4.167640771,4.764256322,4.233610401,63.33333333,1.93,2.45125,0.89,1.15125,0.26125,1.960909091
193,29.96283458,6.475176835,8.139079245,5.695971097,41.5,2.115454545,2.183333333,0.656666667,0.75,0.093333333,1.821818182
194,22.61845268,5.301804118,5.391093777,5.552045063,80.83333333,1.865,2.205,0.972,1.263,0.291,2.166363636
195,37.72229572,4.157039389,4.265007656,4.490664537,79,1.8725,2.395,1.041428571,1.441666667,0.400238095,1.996363636
196,20.32150284,6.87643588,7.725978527,6.587612218,43.66666667,2.401,2.065,0.773333333,0.88,0.106666667,2.07
197,34.1691586,2.688626078,3.06196972,2.946634347,69.16666667,2.315833333,2.834,1.036,1.439,0.403,2.509166667
198,14.31373975,8.989343034,10.46010365,8.13741558,32.83333333,2.075,1.906666667,0.67,0.78,0.11,1.659166667
199,61.93155494,2.749798021,2.865536651,3.155023434,81.5,2.172,2.756666667,1.17,1.581666667,0.411666667,2.485454545
200,4.936379244,3.939236961,4.373196059,4.114719359,42.5,2.066363636,2.479,0.948,1.169,0.221,1.869090909
201,51.56665346,4.512923918,4.897550869,4.679229076,74,1.854444444,2.356666667,0.936666667,1.281666667,0.345,1.938
202,36.80456705,7.340642622,8.717481034,6.693541074,57.77777778,1.997777778,2.0525,0.69375,0.91,0.21625,1.897777778
203,40.39778714,3.293585082,3.579098686,3.586233608,75.5,2.13625,2.618333333,1.038333333,1.345,0.306666667,2.00375
204,17.46115819,2.826372292,3.086292655,3.150305324,38.75,2.515,2.758333333,1.085,1.4,0.315,2.246666667
205,27.09716566,4.193556564,4.397214987,4.477437489,71.5,1.676363636,2.397777778,1.007777778,1.343333333,0.335555556,1.890833333
206,38.82523004,3.192012141,3.518145811,3.465638558,81.11111111,2.260833333,2.654444444,1.027777778,1.514444444,0.486666667,2.371666667
207,43.04158607,5.285089232,6.066030319,5.167656682,67.72222222,1.931818182,2.267142857,0.817142857,1.055714286,0.238571429,1.910833333
208,13.73178793,3.929111502,3.763487727,4.400002119,44.16666667,2.142857143,2.414285714,1.161428571,1.437142857,0.275714286,2.051428571
209,57.60020246,9.109201198,9.579485913,8.790911746,60.16666667,2.013,1.8525,0.775,0.9125,0.1375,1.947
210,13.98563716,3.798922714,4.16064794,4.023477777,40,2.442727273,2.501111111,0.978888889,1.24,0.261111111,2.185454545
211,21.9607084,6.20269405,6.934554878,6.04077355,64.16666667,1.663636364,2.134545455,0.806363636,0.947272727,0.140909091,1.904166667
212,67.05195144,10.62571002,12.22539292,9.535554,67.33333333,2.078888889,1.7975,0.645,0.7525,0.1075,1.796
213,28.87693495,4.220376806,4.685649334,4.361164753,70.94444444,1.903,2.422727273,0.926363636,1.252727273,0.326363636,2.178181818
214,39.00519481,3.176166919,3.230012742,3.595220133,69.75,1.928333333,2.615714286,1.152857143,1.578571429,0.425714286,2.301428571
215,17.29993756,3.575389688,3.892788481,3.836768679,34.66666667,2.006666667,2.54875,1.0075,1.31,0.3025,2.140909091
216,,,,,,,,,,,
217,43.51679858,4.536966439,4.923675968,4.700424464,78.75,1.962,2.3525,0.935,1.088571429,0.153571429,1.852222222
218,37.86897623,2.393525102,2.646471442,2.728808572,76,2.314444444,2.924,1.126,1.664,0.538,2.1225
219,58.11385075,2.673310253,2.68749944,3.131536887,73.75,2.29,2.765,1.24,1.605,0.365,2.24
220,11.13963437,4.34379226,4.547652081,4.616856816,40.33333333,2.421666667,2.369090909,0.998181818,1.265454545,0.267272727,2.274545455
221,62.99088555,7.907849089,7.509493676,8.099535797,68.83333333,1.963636364,1.91,0.93,1.47,0.54,1.876363636
222,71.29496403,,,,69.75,2.091,,,,,1.745
223,33.34775641,4.060353661,4.44510398,4.256672084,68,2.193636364,2.446,0.958,1.246,0.288,2.26
224,50.56194125,5.967160925,6.989699692,5.651108664,68.5,2.232727273,2.19,0.76,0.9,0.14,1.766363636
225,43.25913445,2.582410713,2.844524252,2.910256545,65.66666667,2.09125,2.848333333,1.104,1.548,0.444,1.999
226,26.49943046,5.989410172,6.991063208,5.684706633,32,2.67625,2.185,0.763333333,0.92,0.156666667,2.283333333
227,,,,,,,,,,,
228,10.25982678,6.480094055,7.515630071,6.115974631,35.83333333,1.845,2.124444444,0.751111111,0.8675,0.116388889,1.874
229,31.38314295,4.093515274,4.942973987,3.999105759,60,1.885555556,2.507142857,0.82,1.121428571,0.301428571,1.823
230,57.95801557,4.888791865,5.028145811,5.150933497,66.16666667,2.14375,2.27,0.983333333,1.33,0.346666667,1.869
231,56.97777778,,,,56,2.1825,1.42,0.44,0.45,0.01,1.8375
232,51.2455329,,,,69,1.856666667,,,,,1.534
233,,,,,,,,,,,
234,41.10536002,10.00760184,11.00057006,9.323646728,28.16666667,2.388181818,1.8125,0.705,0.78,0.075,1.803636364
235,,,,,,,,,,,
236,7.152625153,4.145454779,4.578434939,4.309336113,42.66666667,2.165833333,2.434166667,0.939166667,1.16,0.220833333,2.000833333
237,16.06600753,3.509946206,3.857394814,3.757586309,44.11111111,2.184166667,2.57,1,1.335714286,0.335714286,1.773333333
238,54.14232872,5.275070643,6.019632491,5.180251481,58.16666667,2.136666667,2.265,0.825,1.185,0.36,1.696
239,56.88550877,9.62460981,11.47254839,8.480153448,65.16666667,1.956363636,1.8775,0.63,0.695,0.065,1.757272727
240,32.81156392,4.467404201,4.690343211,4.721761447,61.72222222,1.641666667,2.348333333,0.985,1.341666667,0.356666667,1.892857143
241,25.54357062,4.050618505,4.388624112,4.273381464,63.66666667,2.311818182,2.442222222,0.973333333,1.204444444,0.231111111,2.352727273
242,19.54779132,3.603947016,4.11954532,3.747124247,47.5,1.905714286,2.572857143,0.934285714,1.152857143,0.218571429,1.815
243,57.65455305,10.33667961,13.95885002,7.87756266,69.25,2.26,1.93,0.49,0.58,0.09,1.746666667
244,10.56751468,6.618829013,7.85714082,6.117167287,37.5,1.905,2.124285714,0.718571429,0.825714286,0.107142857,1.68375
245,7.52194211,2.351064679,2.900804242,2.483566255,28,1.932,3.039,0.951,1.3,0.349,2.19
246,45.49741243,5.08393647,5.36337537,5.261076023,78.16666667,1.742,2.251428571,0.937142857,1.25,0.312857143,1.704545455
247,8.081234596,2.689117828,2.979122745,2.99852957,45.66666667,2.250909091,2.814,1.08,1.376,0.296,2.209090909
248,52.01214405,4.247850072,4.559016352,4.472162731,86.5,1.977777778,2.398888889,0.971111111,1.324444444,0.353333333,1.882727273
249,7.439052977,3.707696101,4.334829904,3.77599896,41.5,2.187272727,2.565,0.893333333,1.11,0.216666667,1.904545455
250,38.2712489,7.022074496,8.771786667,6.14949825,30.83333333,2.278181818,2.12,0.64625,0.845,0.19875,1.877272727
251,46.83576281,10.93619382,11.13202068,10.53949677,63,1.851,1.7325,0.7625,0.91,0.1475,1.646363636
252,25.03856747,4.949433818,5.50657928,4.987989119,32,2.3,2.298571429,0.875714286,1.084285714,0.208571429,2.007777778
253,9.917748918,4.695418114,4.788465518,4.995230208,40,2.183636364,2.297272727,1.008181818,1.305454545,0.297272727,2.163636364
254,37.04300982,4.294653912,4.554266745,4.542803683,68.33333333,2.118,2.384166667,0.984166667,1.277272727,0.293106061,2.163333333
255,49.30168351,8.349012999,10.23777345,7.28665184,57.16666667,2.195,1.9875,0.63,0.7825,0.1525,1.7425
,,,,,,,,,,,
,,,,,,,,,,,
,,,,,,,,,,,
,,,,,,,,,,,
,,,,,,,,,,,
,,,,,,,,,,,
,,,,,,,,,,,
,,,,,,,,,,,
,,,,,,,,,,,
,,,,,,,,,,,
,,,,,,,,,,,
,,,,,,,,,,,
,,,,,,,,,,,
,,,,,,,,,,,
,,,,,,,,,,,
,,,,,,,,,,,
